Rank,Player,Position,Team,ADP
1,J. Gibbs,RB,DET,1.0
2,B. Robinson,RB,ATL,2.0
3,P. Nacua,WR,LAR,4.0
4,J. Chase,WR,CIN,3.0
5,C. McCaffrey,RB,SF,5.0
6,J. Smith-Njigba,WR,SEA,7.0
7,A. St. Brown,WR,DET,8.0
8,J. Taylor,RB,IND,6.0
9,C. Lamb,WR,DAL,10.0
10,J. Cook,RB,BUF,9.0
11,J. Jefferson,WR,MIN,11.0
12,A. Jeanty,RB,LVR,12.0
13,S. Barkley,RB,PHI,13.0
14,D. London,WR,ATL,19.0
15,D. Henry,RB,BAL,17.0
16,N. Collins,WR,HOU,24.0
17,A. Brown,WR,NE,20.0
18,K. Walker III,RB,KC,18.0
19,G. Pickens,WR,DAL,26.0
20,J. Allen,QB,BUF,23.0
21,R. Rice,WR,KC,28.0
22,D. Achane,RB,MIA,16.0
23,O. Hampton,RB,LAC,14.0
24,C. Brown,RB,CIN,15.0
25,B. Bowers,TE,LVR,21.0
26,T. McBride,TE,ARI,22.0
27,M. Nabers,WR,NYG,31.0
28,T. Higgins,WR,CIN,37.0
29,Z. Flowers,WR,BAL,43.0
30,J. Love (RB),RB,ARI,25.0
31,C. Olave,WR,NO,32.0
32,C. Loveland,TE,CHI,44.0
33,D. Smith,WR,PHI,35.0
34,J. Jacobs,RB,GB,29.0
36,B. Hall,RB,NYJ,30.0
37,G. Wilson,WR,NYJ,39.0
38,J. Williams (RB),RB,DAL,33.0
39,C. Watson,WR,GB,66.0
41,J. Waddle,WR,DEN,47.0
42,K. Williams,RB,LAR,27.0
43,T. Warren,TE,IND,50.0
44,D. Adams,WR,LAR,58.0
45,T. Etienne,RB,NO,42.0
46,T. McMillan,WR,CAR,34.0
47,L. Jackson,QB,BAL,36.0
48,E. Egbuka,WR,TB,40.0
50,M. Evans,WR,SF,60.0
51,L. Burden III,WR,CHI,52.0
53,L. McConkey,WR,LAC,41.0
54,T. McLaurin,WR,WAS,51.0
56,D. Maye,QB,NE,53.0
58,J. Williams (WR),WR,DET,56.0
59,D. Swift,RB,CHI,54.0
60,T. Kraft,TE,GB,67.0
61,C. Skattebo,RB,NYG,38.0
62,R. Odunze,WR,CHI,63.0
63,J. Daniels,QB,WAS,64.0
64,D. Montgomery,RB,HOU,49.0
65,J. Burrow,QB,CIN,55.0
66,J. Hurts,QB,PHI,65.0
68,S. LaPorta,TE,DET,68.0
69,D. Moore,WR,BUF,57.0
70,B. Irving,RB,TB,45.0
71,Q. Judkins,RB,CLE,48.0
72,H. Fannin Jr.,TE,CLE,71.0
73,P. Washington,WR,JAC,77.0
74,T. Lawrence,QB,JAC,97.0
75,J. Herbert,QB,LAC,81.0
76,B. Purdy,QB,SF,114.0
78,C. Williams,QB,CHI,80.0
79,D. Prescott,QB,DAL,90.0
80,K. Murray,QB,MIN,165.0
81,T. Henderson,RB,NE,46.0
82,B. Tuten,RB,JAC,59.0
83,D. Metcalf,WR,PIT,76.0
84,R. Stevenson,RB,NE,78.0
86,C. Tate,WR,TEN,62.0
87,M. Harrison Jr.,WR,ARI,74.0
88,J. Dart,QB,NYG,93.0
89,J. Price,RB,SEA,61.0
90,G. Kittle,TE,SF,94.0
92,J. Warren,RB,PIT,69.0
93,B. Thomas Jr.,WR,JAC,70.0
94,C. Sutton,WR,DEN,87.0
95,J. Brooks,RB,CAR,92.0
96,B. Nix,QB,DEN,116.0
97,R. Dowdle,RB,PIT,84.0
98,J. Reed,WR,GB,104.0
99,T. Pollard,RB,TEN,82.0
100,J. Tyson,WR,NO,75.0
101,P. Mahomes,QB,KC,105.0
103,J. Dobbins,RB,DEN,86.0
104,K. Pitts,TE,ATL,72.0
105,J. Addison,WR,MIN,99.0
106,Q. Johnston,WR,LAC,102.0
108,J. Mason,RB,MIN,110.0
114,A. Pierce,WR,IND,89.0
116,J. Goff,QB,DET,128.0
117,M. Pittman Jr.,WR,PIT,98.0
118,C. Hubbard,RB,CAR,73.0
120,M. Stafford,QB,LAR,112.0
121,J. Croskey-Merritt,RB,WAS,100.0
122,J. Meyers,WR,JAC,103.0
123,B. Corum,RB,LAR,91.0
124,K. Monangai,RB,CHI,85.0
125,J. Downs,WR,IND,111.0
126,T. Shough,QB,NO,164.0
127,J. Love (QB),QB,GB,149.0
128,X. Worthy,WR,KC,122.0
130,R. Harvey,RB,DEN,79.0
131,B. Mayfield,QB,TB,151.0
133,T. Kelce,TE,KC,101.0
135,C. Godwin,WR,TB,96.0
136,S. Diggs,WR,WAS,123.0
137,R. Doubs,WR,NE,121.0
139,D. Samuel,WR,SF,144.0
144,K. Gainwell,RB,TB,109.0
146,M. Lemon,WR,PHI,83.0
147,B. Aubrey,K,DAL,131.0
149,T. Spears,RB,TEN,159.0
150,R. White,RB,WAS,115.0
151,Z. Charbonnet,RB,SEA,125.0
152,M. Wilson,WR,ARI,88.0
153,J. Higgins,WR,HOU,124.0
156,M. Golden,WR,GB,126.0
157,M. Willis,QB,MIA,178.0
160,A. Jones,RB,MIN,106.0
163,K. Concepcion,WR,CLE,113.0
165,D. Jones,QB,IND,195.0
167,M. Andrews,TE,BAL,118.0
170,C. Rodriguez,RB,JAC,141.0
173,W. Marks,RB,HOU,145.0
174,C. Dicker,K,LAC,135.0
176,C. Stroud,QB,HOU,191.0
177,D. Kincaid,TE,BUF,95.0
179,I. Pacheco,RB,DET,179.0
182,T. Tracy Jr.,RB,NYG,129.0
183,H. Texans,DEF,HOU,133.0
184,W. Robinson,WR,TEN,107.0
186,D. Goedert,TE,PHI,119.0
188,R. Shaheed,WR,SEA,153.0
189,C. Ward,QB,TEN,193.0
190,D. Sampson,RB,CLE,177.0
194,K. Mitchell,RB,LAC,163.0
195,J. McMillan,WR,TB,192.0
196,K. Fairbairn,K,HOU,142.0
198,K. Shakir,WR,BUF,130.0
199,S. Darnold,QB,SEA,169.0
201,D. Broncos,DEF,DEN,136.0
203,T. Allgeier,RB,ARI,127.0
204,B. Strange,TE,JAC,148.0
205,A. Kamara,RB,NO,156.0
207,M. Lloyd,RB,GB,217.0
208,J. Ferguson,TE,DAL,108.0
209,B. Robinson Jr.,RB,ATL,160.0
210,I. Likely,TE,NYG,120.0
212,S. Seahawks,DEF,SEA,134.0
213,D. Stribling,WR,SF,152.0
216,J. Coker,WR,CAR,143.0
217,A. Rodgers,QB,PIT,231.0
218,D. Boston,WR,CLE,155.0
223,T. Loop,K,BAL,187.0
224,G. Packers,DEF,GB,213.0
225,B. Ravens,DEF,BAL,147.0
226,C. Santos,K,CHI,252.0
227,E. Pineiro,K,SF,175.0
228,C. Little,K,JAC,146.0
231,H. Henry,TE,NE,139.0
232,J. Blue,RB,DAL,222.0
233,P. Steelers,DEF,PIT,172.0
234,M. Vikings,DEF,MIN,158.0
236,N. Patriots,DEF,NE,154.0
238,J. Bates,K,DET,168.0
239,H. Mevis,K,LAR,157.0
240,B. Young,QB,CAR,223.0
241,T. Tucker,WR,LVR,207.0
242,J. Coleman,RB,DEN,140.0
247,A. Mitchell,WR,NYJ,211.0
248,J. Johnson,TE,NO,173.0
249,P. Eagles,DEF,PHI,137.0
250,M. Washington Jr.,RB,LVR,198.0
254,L. Rams,DEF,LAR,132.0
256,F. Mendoza,QB,LVR,199.0
258,J. Brissett,QB,ARI,238.0
259,B. Allen,RB,NYJ,205.0
260,C. Okonkwo,TE,WAS,170.0
261,D. Lions,DEF,DET,171.0
262,H. Butker,K,KC,188.0
264,L. Chargers,DEF,LAC,183.0
265,N. Giants,DEF,NYG,259.0
266,G. Smith,QB,NYJ,247.0
272,J. Hill,RB,BAL,257.0
273,N. Singleton,RB,TEN,194.0
274,K. Allen (RB),RB,WAS,228.0
275,E. Johnson,RB,KC,181.0
276,J. Jaguars,DEF,JAC,167.0
277,J. Conner,RB,ARI,200.0
278,S. Tucker,RB,TB,243.0
280,T. Bigsby,RB,PHI,176.0
281,K. Sadiq,TE,NYJ,150.0
282,C. Bears,DEF,CHI,253.0
283,K. Allen (WR),WR,UNS,264.0
284,O. Cooper Jr.,WR,NYJ,161.0
285,C. Ridley,WR,TEN,244.0
286,J. Jennings,WR,MIN,180.0
289,T. Hockenson,TE,MIN,186.0
291,A. Borregales,K,NE,174.0
293,O. Gadsden II,TE,LAC,117.0
294,J. Myers,K,SEA,138.0
296,J. Nailor,WR,LVR,190.0
297,D. Schultz,TE,HOU,189.0
298,J. Jeudy,WR,CLE,204.0
301,K. Chiefs,DEF,KC,218.0
302,C. Boswell,K,PIT,185.0
303,C. McLaughlin,K,TB,254.0
307,T. Benson,RB,ARI,245.0
309,W. Reichard,K,MIN,182.0
312,P. Bryant,WR,DEN,215.0
314,K. Vidal,RB,LAC,226.0
315,S. 49ers,DEF,SF,256.0
316,P. Freiermuth,TE,PIT,234.0
319,J. Wright,RB,MIA,230.0
322,R. Bateman,WR,BAL,266.0
323,K. Black,RB,SF,232.0
336,E. Wilson,RB,SEA,268.0
337,T. Ferguson,TE,LAR,203.0
340,K. Boutte,WR,NE,212.0
341,A. Barner,TE,SEA,166.0
342,T. Harris,WR,LAC,208.0
343,D. Claiborne,RB,MIN,225.0
344,C. Otton,TE,TB,209.0
346,J. James,RB,SF,267.0
352,R. Davis,RB,BUF,210.0
372,D. Cowboys,DEF,DAL,255.0
377,C. Kupp,WR,SEA,235.0
378,T. Tagovailoa,QB,ATL,248.0
379,J. Noel,WR,HOU,258.0
383,K. Johnson,RB,PIT,272.0
389,R. Flournoy,WR,DAL,233.0
392,E. McPherson,K,CIN,214.0
395,Z. Branch,WR,ATL,196.0
401,G. Bernard,WR,PIT,246.0
406,G. Helm,TE,TEN,220.0
408,B. Aiyuk,WR,UNS,251.0
409,T. Hunter,WR,JAC,162.0
418,D. Wicks,WR,PHI,227.0
424,J. Lane,WR,BAL,184.0
432,D. Mooney,WR,NYG,239.0
435,T. Hill,WR,UNS,201.0
436,G. Dulcich,TE,MIA,236.0
437,S. Sanders,QB,CLE,260.0
448,C. Parkinson,TE,LAR,249.0
449,M. Washington,WR,MIA,221.0
459,K. Coleman,WR,BUF,265.0
471,A. Szmyt,K,CLE,282.0
476,M. Gesicki,TE,CIN,270.0
480,I. TeSlaa,WR,DET,206.0
507,E. Sarratt,WR,BAL,263.0
513,N. Dell,WR,HOU,197.0
538,M. Mims Jr.,WR,DEN,271.0
539,C. Bell,WR,MIA,219.0
540,D. Njoku,TE,LAC,229.0
546,T. Franklin,WR,DEN,269.0
629,S. Vaki,RB,DET,291.0
675,T. Hurst,WR,TB,224.0
676,C. Allen,WR,KC,216.0
679,A. Williams,WR,WAS,202.0
692,T. Horton,WR,SEA,250.0
712,M. Taylor,TE,NYJ,262.0
718,E. Stowers,TE,PHI,237.0
723,M. Fields,WR,NYG,242.0
778,C. Dike,WR,TEN,261.0
780,T. Johnson,TE,NYG,240.0
891,J. Tonges,TE,SF,241.0
914,B. Wright,TE,DET,293.0
1002,E. Chism,WR,NE,289.0
1174,L. Wester,WR,BAL,298.0
1550,Z. Wilson,QB,NO,286.0
1570,C. Tune,QB,GB,290.0
1579,M. Duggan,QB,UNS,0.0
